book,author,title,pageblock
mdp.39015005028686,King,The stand,0
mdp.39015005028686,King,The stand,10
mdp.39015005028686,King,The stand,20
mdp.39015005028686,King,The stand,30
mdp.39015005028686,King,The stand,40
mdp.39015005028686,King,The stand,50
mdp.39015005028686,King,The stand,60
mdp.39015005028686,King,The stand,70
mdp.39015005028686,King,The stand,80
mdp.39015005028686,King,The stand,90
mdp.39015005028686,King,The stand,100
mdp.39015005028686,King,The stand,110
mdp.39015005028686,King,The stand,120
mdp.39015005028686,King,The stand,130
mdp.39015005028686,King,The stand,140
mdp.39015005028686,King,The stand,150
mdp.39015005028686,King,The stand,160
mdp.39015005028686,King,The stand,170
mdp.39015005028686,King,The stand,180
mdp.39015005028686,King,The stand,190
mdp.39015005028686,King,The stand,200
mdp.39015005028686,King,The stand,210
mdp.39015005028686,King,The stand,220
mdp.39015005028686,King,The stand,230
mdp.39015005028686,King,The stand,240
mdp.39015005028686,King,The stand,250
mdp.39015005028686,King,The stand,260
mdp.39015005028686,King,The stand,270
mdp.39015005028686,King,The stand,280
mdp.39015005028686,King,The stand,290
mdp.39015005028686,King,The stand,300
mdp.39015005028686,King,The stand,310
mdp.39015005028686,King,The stand,320
mdp.39015005028686,King,The stand,330
mdp.39015005028686,King,The stand,340
mdp.39015005028686,King,The stand,350
mdp.39015005028686,King,The stand,360
mdp.39015005028686,King,The stand,370
mdp.39015005028686,King,The stand,380
mdp.39015005028686,King,The stand,390
mdp.39015005028686,King,The stand,400
mdp.39015005028686,King,The stand,410
mdp.39015005028686,King,The stand,420
mdp.39015005028686,King,The stand,430
mdp.39015005028686,King,The stand,440
mdp.39015005028686,King,The stand,450
mdp.39015005028686,King,The stand,460
mdp.39015005028686,King,The stand,470
mdp.39015005028686,King,The stand,480
mdp.39015005028686,King,The stand,490
mdp.39015005028686,King,The stand,500
mdp.39015005028686,King,The stand,510
mdp.39015005028686,King,The stand,520
mdp.39015005028686,King,The stand,530
mdp.39015005028686,King,The stand,540
mdp.39015005028686,King,The stand,550
mdp.39015005028686,King,The stand,560
mdp.39015005028686,King,The stand,570
mdp.39015005028686,King,The stand,580
mdp.39015005028686,King,The stand,590
mdp.39015005028686,King,The stand,600
mdp.39015005028686,King,The stand,610
mdp.39015005028686,King,The stand,620
mdp.39015005028686,King,The stand,630
mdp.39015005028686,King,The stand,640
mdp.39015005028686,King,The stand,650
mdp.39015005028686,King,The stand,660
mdp.39015005028686,King,The stand,670
mdp.39015005028686,King,The stand,680
mdp.39015005028686,King,The stand,690
mdp.39015005028686,King,The stand,700
mdp.39015005028686,King,The stand,710
mdp.39015005028686,King,The stand,720
mdp.39015005028686,King,The stand,730
mdp.39015005028686,King,The stand,740
mdp.39015005028686,King,The stand,750
mdp.39015005028686,King,The stand,760
mdp.39015005028686,King,The stand,770
mdp.39015005028686,King,The stand,780
mdp.39015005028686,King,The stand,790
mdp.39015005028686,King,The stand,800
mdp.39015005028686,King,The stand,810
mdp.39015005028686,King,The stand,820
mdp.39015005028686,King,The stand,830
mdp.39015005028686,King,The stand,840
mdp.39015010763418,Atwood,Lady oracle;,0
mdp.39015010763418,Atwood,Lady oracle;,10
mdp.39015010763418,Atwood,Lady oracle;,20
mdp.39015010763418,Atwood,Lady oracle;,30
mdp.39015010763418,Atwood,Lady oracle;,40
mdp.39015010763418,Atwood,Lady oracle;,50
mdp.39015010763418,Atwood,Lady oracle;,60
mdp.39015010763418,Atwood,Lady oracle;,70
mdp.39015010763418,Atwood,Lady oracle;,80
mdp.39015010763418,Atwood,Lady oracle;,90
mdp.39015010763418,Atwood,Lady oracle;,100
mdp.39015010763418,Atwood,Lady oracle;,110
mdp.39015010763418,Atwood,Lady oracle;,120
mdp.39015010763418,Atwood,Lady oracle;,130
mdp.39015010763418,Atwood,Lady oracle;,140
mdp.39015010763418,Atwood,Lady oracle;,150
mdp.39015010763418,Atwood,Lady oracle;,160
mdp.39015010763418,Atwood,Lady oracle;,170
mdp.39015010763418,Atwood,Lady oracle;,180
mdp.39015010763418,Atwood,Lady oracle;,190
mdp.39015010763418,Atwood,Lady oracle;,200
mdp.39015010763418,Atwood,Lady oracle;,210
mdp.39015010763418,Atwood,Lady oracle;,220
mdp.39015010763418,Atwood,Lady oracle;,230
mdp.39015010763418,Atwood,Lady oracle;,240
mdp.39015010763418,Atwood,Lady oracle;,250
mdp.39015010763418,Atwood,Lady oracle;,260
mdp.39015010763418,Atwood,Lady oracle;,270
mdp.39015010763418,Atwood,Lady oracle;,280
mdp.39015010763418,Atwood,Lady oracle;,290
mdp.39015010763418,Atwood,Lady oracle;,300
mdp.39015010763418,Atwood,Lady oracle;,310
mdp.39015010763418,Atwood,Lady oracle;,320
mdp.39015010763418,Atwood,Lady oracle;,330
mdp.39015010763418,Atwood,Lady oracle;,340
mdp.39015010763418,Atwood,Lady oracle;,350
mdp.39015027242315,Atwood,The robber bride,0
mdp.39015027242315,Atwood,The robber bride,10
mdp.39015027242315,Atwood,The robber bride,20
mdp.39015027242315,Atwood,The robber bride,30
mdp.39015027242315,Atwood,The robber bride,40
mdp.39015027242315,Atwood,The robber bride,50
mdp.39015027242315,Atwood,The robber bride,60
mdp.39015027242315,Atwood,The robber bride,70
mdp.39015027242315,Atwood,The robber bride,80
mdp.39015027242315,Atwood,The robber bride,90
mdp.39015027242315,Atwood,The robber bride,100
mdp.39015027242315,Atwood,The robber bride,110
mdp.39015027242315,Atwood,The robber bride,120
mdp.39015027242315,Atwood,The robber bride,130
mdp.39015027242315,Atwood,The robber bride,140
mdp.39015027242315,Atwood,The robber bride,150
mdp.39015027242315,Atwood,The robber bride,160
mdp.39015027242315,Atwood,The robber bride,170
mdp.39015027242315,Atwood,The robber bride,180
mdp.39015027242315,Atwood,The robber bride,190
mdp.39015027242315,Atwood,The robber bride,200
mdp.39015027242315,Atwood,The robber bride,210
mdp.39015027242315,Atwood,The robber bride,220
mdp.39015027242315,Atwood,The robber bride,230
mdp.39015027242315,Atwood,The robber bride,240
mdp.39015027242315,Atwood,The robber bride,250
mdp.39015027242315,Atwood,The robber bride,260
mdp.39015027242315,Atwood,The robber bride,270
mdp.39015027242315,Atwood,The robber bride,280
mdp.39015027242315,Atwood,The robber bride,290
mdp.39015027242315,Atwood,The robber bride,300
mdp.39015027242315,Atwood,The robber bride,310
mdp.39015027242315,Atwood,The robber bride,320
mdp.39015027242315,Atwood,The robber bride,330
mdp.39015027242315,Atwood,The robber bride,340
mdp.39015027242315,Atwood,The robber bride,350
mdp.39015027242315,Atwood,The robber bride,360
mdp.39015027242315,Atwood,The robber bride,370
mdp.39015027242315,Atwood,The robber bride,380
mdp.39015027242315,Atwood,The robber bride,390
mdp.39015027242315,Atwood,The robber bride,400
mdp.39015027242315,Atwood,The robber bride,410
mdp.39015027242315,Atwood,The robber bride,420
mdp.39015027242315,Atwood,The robber bride,430
mdp.39015027242315,Atwood,The robber bride,440
mdp.39015027242315,Atwood,The robber bride,450
mdp.39015027242315,Atwood,The robber bride,460
mdp.39015027242315,Atwood,The robber bride,470
mdp.39015027242315,Atwood,The robber bride,480
mdp.39015029244657,Grisham,The pelican brief,0
mdp.39015029244657,Grisham,The pelican brief,10
mdp.39015029244657,Grisham,The pelican brief,20
mdp.39015029244657,Grisham,The pelican brief,30
mdp.39015029244657,Grisham,The pelican brief,40
mdp.39015029244657,Grisham,The pelican brief,50
mdp.39015029244657,Grisham,The pelican brief,60
mdp.39015029244657,Grisham,The pelican brief,70
mdp.39015029244657,Grisham,The pelican brief,80
mdp.39015029244657,Grisham,The pelican brief,90
mdp.39015029244657,Grisham,The pelican brief,100
mdp.39015029244657,Grisham,The pelican brief,110
mdp.39015029244657,Grisham,The pelican brief,120
mdp.39015029244657,Grisham,The pelican brief,130
mdp.39015029244657,Grisham,The pelican brief,140
mdp.39015029244657,Grisham,The pelican brief,150
mdp.39015029244657,Grisham,The pelican brief,160
mdp.39015029244657,Grisham,The pelican brief,170
mdp.39015029244657,Grisham,The pelican brief,180
mdp.39015029244657,Grisham,The pelican brief,190
mdp.39015029244657,Grisham,The pelican brief,200
mdp.39015029244657,Grisham,The pelican brief,210
mdp.39015029244657,Grisham,The pelican brief,220
mdp.39015029244657,Grisham,The pelican brief,230
mdp.39015029244657,Grisham,The pelican brief,240
mdp.39015029244657,Grisham,The pelican brief,250
mdp.39015029244657,Grisham,The pelican brief,260
mdp.39015029244657,Grisham,The pelican brief,270
mdp.39015029244657,Grisham,The pelican brief,280
mdp.39015029244657,Grisham,The pelican brief,290
mdp.39015029244657,Grisham,The pelican brief,300
mdp.39015029244657,Grisham,The pelican brief,310
mdp.39015029244657,Grisham,The pelican brief,320
mdp.39015029244657,Grisham,The pelican brief,330
mdp.39015029244657,Grisham,The pelican brief,340
mdp.39015029244657,Grisham,The pelican brief,350
mdp.39015029244657,Grisham,The pelican brief,360
mdp.39015029244657,Grisham,The pelican brief,370
mdp.39015029244657,Grisham,The pelican brief,380
mdp.39015031703609,Grisham,The rainmaker,0
mdp.39015031703609,Grisham,The rainmaker,10
mdp.39015031703609,Grisham,The rainmaker,20
mdp.39015031703609,Grisham,The rainmaker,30
mdp.39015031703609,Grisham,The rainmaker,40
mdp.39015031703609,Grisham,The rainmaker,50
mdp.39015031703609,Grisham,The rainmaker,60
mdp.39015031703609,Grisham,The rainmaker,70
mdp.39015031703609,Grisham,The rainmaker,80
mdp.39015031703609,Grisham,The rainmaker,90
mdp.39015031703609,Grisham,The rainmaker,100
mdp.39015031703609,Grisham,The rainmaker,110
mdp.39015031703609,Grisham,The rainmaker,120
mdp.39015031703609,Grisham,The rainmaker,130
mdp.39015031703609,Grisham,The rainmaker,140
mdp.39015031703609,Grisham,The rainmaker,150
mdp.39015031703609,Grisham,The rainmaker,160
mdp.39015031703609,Grisham,The rainmaker,170
mdp.39015031703609,Grisham,The rainmaker,180
mdp.39015031703609,Grisham,The rainmaker,190
mdp.39015031703609,Grisham,The rainmaker,200
mdp.39015031703609,Grisham,The rainmaker,210
mdp.39015031703609,Grisham,The rainmaker,220
mdp.39015031703609,Grisham,The rainmaker,230
mdp.39015031703609,Grisham,The rainmaker,240
mdp.39015031703609,Grisham,The rainmaker,250
mdp.39015031703609,Grisham,The rainmaker,260
mdp.39015031703609,Grisham,The rainmaker,270
mdp.39015031703609,Grisham,The rainmaker,280
mdp.39015031703609,Grisham,The rainmaker,290
mdp.39015031703609,Grisham,The rainmaker,300
mdp.39015031703609,Grisham,The rainmaker,310
mdp.39015031703609,Grisham,The rainmaker,320
mdp.39015031703609,Grisham,The rainmaker,330
mdp.39015031703609,Grisham,The rainmaker,340
mdp.39015031703609,Grisham,The rainmaker,350
mdp.39015031703609,Grisham,The rainmaker,360
mdp.39015031703609,Grisham,The rainmaker,370
mdp.39015031703609,Grisham,The rainmaker,380
mdp.39015031703609,Grisham,The rainmaker,390
mdp.39015031703609,Grisham,The rainmaker,400
mdp.39015031703609,Grisham,The rainmaker,410
mdp.39015031703609,Grisham,The rainmaker,420
mdp.39015031703609,Grisham,The rainmaker,430
mdp.39015031703609,Grisham,The rainmaker,440
mdp.39015031703609,Grisham,The rainmaker,450
mdp.39015038148048,King,Desperation,0
mdp.39015038148048,King,Desperation,10
mdp.39015038148048,King,Desperation,20
mdp.39015038148048,King,Desperation,30
mdp.39015038148048,King,Desperation,40
mdp.39015038148048,King,Desperation,50
mdp.39015038148048,King,Desperation,60
mdp.39015038148048,King,Desperation,70
mdp.39015038148048,King,Desperation,80
mdp.39015038148048,King,Desperation,90
mdp.39015038148048,King,Desperation,100
mdp.39015038148048,King,Desperation,110
mdp.39015038148048,King,Desperation,120
mdp.39015038148048,King,Desperation,130
mdp.39015038148048,King,Desperation,140
mdp.39015038148048,King,Desperation,150
mdp.39015038148048,King,Desperation,160
mdp.39015038148048,King,Desperation,170
mdp.39015038148048,King,Desperation,180
mdp.39015038148048,King,Desperation,190
mdp.39015038148048,King,Desperation,200
mdp.39015038148048,King,Desperation,210
mdp.39015038148048,King,Desperation,220
mdp.39015038148048,King,Desperation,230
mdp.39015038148048,King,Desperation,240
mdp.39015038148048,King,Desperation,250
mdp.39015038148048,King,Desperation,260
mdp.39015038148048,King,Desperation,270
mdp.39015038148048,King,Desperation,280
mdp.39015038148048,King,Desperation,290
mdp.39015038148048,King,Desperation,300
mdp.39015038148048,King,Desperation,310
mdp.39015038148048,King,Desperation,320
mdp.39015038148048,King,Desperation,330
mdp.39015038148048,King,Desperation,340
mdp.39015038148048,King,Desperation,350
mdp.39015038148048,King,Desperation,360
mdp.39015038148048,King,Desperation,370
mdp.39015038148048,King,Desperation,380
mdp.39015038148048,King,Desperation,390
mdp.39015038148048,King,Desperation,400
mdp.39015038148048,King,Desperation,410
mdp.39015038148048,King,Desperation,420
mdp.39015038148048,King,Desperation,430
mdp.39015038148048,King,Desperation,440
mdp.39015038148048,King,Desperation,450
mdp.39015038148048,King,Desperation,460
mdp.39015038148048,King,Desperation,470
mdp.39015038148048,King,Desperation,480
mdp.39015038148048,King,Desperation,490
mdp.39015038148048,King,Desperation,500
mdp.39015038148048,King,Desperation,510
mdp.39015038148048,King,Desperation,520
mdp.39015038148048,King,Desperation,530
mdp.39015038148048,King,Desperation,540
mdp.39015038148048,King,Desperation,550
mdp.39015038148048,King,Desperation,560
mdp.39015038148048,King,Desperation,570
mdp.39015038148048,King,Desperation,580
mdp.39015038148048,King,Desperation,590
mdp.39015038148048,King,Desperation,600
mdp.39015038148048,King,Desperation,610
mdp.39015038148048,King,Desperation,620
mdp.39015038148048,King,Desperation,630
mdp.39015038148048,King,Desperation,640
mdp.39015038148048,King,Desperation,650
mdp.39015038148048,King,Desperation,660
mdp.39015038148048,King,Desperation,670
mdp.39015038148048,King,Desperation,680
mdp.39015038148048,King,Desperation,690
mdp.39015038148048,King,Desperation,700
mdp.39015040702071,Atwood,Alias Grace,0
mdp.39015040702071,Atwood,Alias Grace,10
mdp.39015040702071,Atwood,Alias Grace,20
mdp.39015040702071,Atwood,Alias Grace,30
mdp.39015040702071,Atwood,Alias Grace,40
mdp.39015040702071,Atwood,Alias Grace,50
mdp.39015040702071,Atwood,Alias Grace,60
mdp.39015040702071,Atwood,Alias Grace,70
mdp.39015040702071,Atwood,Alias Grace,80
mdp.39015040702071,Atwood,Alias Grace,90
mdp.39015040702071,Atwood,Alias Grace,100
mdp.39015040702071,Atwood,Alias Grace,110
mdp.39015040702071,Atwood,Alias Grace,120
mdp.39015040702071,Atwood,Alias Grace,130
mdp.39015040702071,Atwood,Alias Grace,140
mdp.39015040702071,Atwood,Alias Grace,150
mdp.39015040702071,Atwood,Alias Grace,160
mdp.39015040702071,Atwood,Alias Grace,170
mdp.39015040702071,Atwood,Alias Grace,180
mdp.39015040702071,Atwood,Alias Grace,190
mdp.39015040702071,Atwood,Alias Grace,200
mdp.39015040702071,Atwood,Alias Grace,210
mdp.39015040702071,Atwood,Alias Grace,220
mdp.39015040702071,Atwood,Alias Grace,230
mdp.39015040702071,Atwood,Alias Grace,240
mdp.39015040702071,Atwood,Alias Grace,250
mdp.39015040702071,Atwood,Alias Grace,260
mdp.39015040702071,Atwood,Alias Grace,270
mdp.39015040702071,Atwood,Alias Grace,280
mdp.39015040702071,Atwood,Alias Grace,290
mdp.39015040702071,Atwood,Alias Grace,300
mdp.39015040702071,Atwood,Alias Grace,310
mdp.39015040702071,Atwood,Alias Grace,320
mdp.39015040702071,Atwood,Alias Grace,330
mdp.39015040702071,Atwood,Alias Grace,340
mdp.39015040702071,Atwood,Alias Grace,350
mdp.39015040702071,Atwood,Alias Grace,360
mdp.39015040702071,Atwood,Alias Grace,370
mdp.39015040702071,Atwood,Alias Grace,380
mdp.39015040702071,Atwood,Alias Grace,390
mdp.39015040702071,Atwood,Alias Grace,400
mdp.39015040702071,Atwood,Alias Grace,410
mdp.39015040702071,Atwood,Alias Grace,420
mdp.39015040702071,Atwood,Alias Grace,430
mdp.39015040702071,Atwood,Alias Grace,440
mdp.39015040702071,Atwood,Alias Grace,450
mdp.39015040702071,Atwood,Alias Grace,460
mdp.39015040702071,Atwood,Alias Grace,470
mdp.39015040702071,Atwood,Alias Grace,480
mdp.39015043780249,King,The girl who loved Tom Gordon,0
mdp.39015043780249,King,The girl who loved Tom Gordon,10
mdp.39015043780249,King,The girl who loved Tom Gordon,20
mdp.39015043780249,King,The girl who loved Tom Gordon,30
mdp.39015043780249,King,The girl who loved Tom Gordon,40
mdp.39015043780249,King,The girl who loved Tom Gordon,50
mdp.39015043780249,King,The girl who loved Tom Gordon,60
mdp.39015043780249,King,The girl who loved Tom Gordon,70
mdp.39015043780249,King,The girl who loved Tom Gordon,80
mdp.39015043780249,King,The girl who loved Tom Gordon,90
mdp.39015043780249,King,The girl who loved Tom Gordon,100
mdp.39015043780249,King,The girl who loved Tom Gordon,110
mdp.39015043780249,King,The girl who loved Tom Gordon,120
mdp.39015043780249,King,The girl who loved Tom Gordon,130
mdp.39015043780249,King,The girl who loved Tom Gordon,140
mdp.39015043780249,King,The girl who loved Tom Gordon,150
mdp.39015043780249,King,The girl who loved Tom Gordon,160
mdp.39015043780249,King,The girl who loved Tom Gordon,170
mdp.39015043780249,King,The girl who loved Tom Gordon,180
mdp.39015043780249,King,The girl who loved Tom Gordon,190
mdp.39015043780249,King,The girl who loved Tom Gordon,200
mdp.39015043780249,King,The girl who loved Tom Gordon,210
mdp.39015043780249,King,The girl who loved Tom Gordon,220
mdp.39015043780249,King,The girl who loved Tom Gordon,230
mdp.39015043798936,King,Bag of bones,0
mdp.39015043798936,King,Bag of bones,10
mdp.39015043798936,King,Bag of bones,20
mdp.39015043798936,King,Bag of bones,30
mdp.39015043798936,King,Bag of bones,40
mdp.39015043798936,King,Bag of bones,50
mdp.39015043798936,King,Bag of bones,60
mdp.39015043798936,King,Bag of bones,70
mdp.39015043798936,King,Bag of bones,80
mdp.39015043798936,King,Bag of bones,90
mdp.39015043798936,King,Bag of bones,100
mdp.39015043798936,King,Bag of bones,110
mdp.39015043798936,King,Bag of bones,120
mdp.39015043798936,King,Bag of bones,130
mdp.39015043798936,King,Bag of bones,140
mdp.39015043798936,King,Bag of bones,150
mdp.39015043798936,King,Bag of bones,160
mdp.39015043798936,King,Bag of bones,170
mdp.39015043798936,King,Bag of bones,180
mdp.39015043798936,King,Bag of bones,190
mdp.39015043798936,King,Bag of bones,200
mdp.39015043798936,King,Bag of bones,210
mdp.39015043798936,King,Bag of bones,220
mdp.39015043798936,King,Bag of bones,230
mdp.39015043798936,King,Bag of bones,240
mdp.39015043798936,King,Bag of bones,250
mdp.39015043798936,King,Bag of bones,260
mdp.39015043798936,King,Bag of bones,270
mdp.39015043798936,King,Bag of bones,280
mdp.39015043798936,King,Bag of bones,290
mdp.39015043798936,King,Bag of bones,300
mdp.39015043798936,King,Bag of bones,310
mdp.39015043798936,King,Bag of bones,320
mdp.39015043798936,King,Bag of bones,330
mdp.39015043798936,King,Bag of bones,340
mdp.39015043798936,King,Bag of bones,350
mdp.39015043798936,King,Bag of bones,360
mdp.39015043798936,King,Bag of bones,370
mdp.39015043798936,King,Bag of bones,380
mdp.39015043798936,King,Bag of bones,390
mdp.39015043798936,King,Bag of bones,400
mdp.39015043798936,King,Bag of bones,410
mdp.39015043798936,King,Bag of bones,420
mdp.39015043798936,King,Bag of bones,430
mdp.39015043798936,King,Bag of bones,440
mdp.39015043798936,King,Bag of bones,450
mdp.39015043798936,King,Bag of bones,460
mdp.39015043798936,King,Bag of bones,470
mdp.39015043798936,King,Bag of bones,480
mdp.39015043798936,King,Bag of bones,490
mdp.39015043798936,King,Bag of bones,500
mdp.39015043798936,King,Bag of bones,510
mdp.39015043798936,King,Bag of bones,520
mdp.39015043798936,King,Bag of bones,530
mdp.39015043798936,King,Bag of bones,540
mdp.39015043798936,King,Bag of bones,550
mdp.39015046381565,Grisham,A time to kill,0
mdp.39015046381565,Grisham,A time to kill,10
mdp.39015046381565,Grisham,A time to kill,20
mdp.39015046381565,Grisham,A time to kill,30
mdp.39015046381565,Grisham,A time to kill,40
mdp.39015046381565,Grisham,A time to kill,50
mdp.39015046381565,Grisham,A time to kill,60
mdp.39015046381565,Grisham,A time to kill,70
mdp.39015046381565,Grisham,A time to kill,80
mdp.39015046381565,Grisham,A time to kill,90
mdp.39015046381565,Grisham,A time to kill,100
mdp.39015046381565,Grisham,A time to kill,110
mdp.39015046381565,Grisham,A time to kill,120
mdp.39015046381565,Grisham,A time to kill,130
mdp.39015046381565,Grisham,A time to kill,140
mdp.39015046381565,Grisham,A time to kill,150
mdp.39015046381565,Grisham,A time to kill,160
mdp.39015046381565,Grisham,A time to kill,170
mdp.39015046381565,Grisham,A time to kill,180
mdp.39015046381565,Grisham,A time to kill,190
mdp.39015046381565,Grisham,A time to kill,200
mdp.39015046381565,Grisham,A time to kill,210
mdp.39015046381565,Grisham,A time to kill,220
mdp.39015046381565,Grisham,A time to kill,230
mdp.39015046381565,Grisham,A time to kill,240
mdp.39015046381565,Grisham,A time to kill,250
mdp.39015046381565,Grisham,A time to kill,260
mdp.39015046381565,Grisham,A time to kill,270
mdp.39015046381565,Grisham,A time to kill,280
mdp.39015046381565,Grisham,A time to kill,290
mdp.39015046381565,Grisham,A time to kill,300
mdp.39015046381565,Grisham,A time to kill,310
mdp.39015046381565,Grisham,A time to kill,320
mdp.39015046381565,Grisham,A time to kill,330
mdp.39015046381565,Grisham,A time to kill,340
mdp.39015046381565,Grisham,A time to kill,350
mdp.39015046381565,Grisham,A time to kill,360
mdp.39015046381565,Grisham,A time to kill,370
mdp.39015046381565,Grisham,A time to kill,380
mdp.39015046381565,Grisham,A time to kill,390
mdp.39015046381565,Grisham,A time to kill,400
mdp.39015046381565,Grisham,A time to kill,410
mdp.39015046381565,Grisham,A time to kill,420
mdp.39015046381565,Grisham,A time to kill,430
mdp.39015046381565,Grisham,A time to kill,440
mdp.39015046381565,Grisham,A time to kill,450
mdp.39015046381565,Grisham,A time to kill,460
mdp.39015046381565,Grisham,A time to kill,470
mdp.39015046381565,Grisham,A time to kill,480
mdp.39015046381565,Grisham,A time to kill,490
mdp.39015046381565,Grisham,A time to kill,500
mdp.39015046788223,Grisham,The rainmaker,0
mdp.39015046788223,Grisham,The rainmaker,10
mdp.39015046788223,Grisham,The rainmaker,20
mdp.39015046788223,Grisham,The rainmaker,30
mdp.39015046788223,Grisham,The rainmaker,40
mdp.39015046788223,Grisham,The rainmaker,50
mdp.39015046788223,Grisham,The rainmaker,60
mdp.39015046788223,Grisham,The rainmaker,70
mdp.39015046788223,Grisham,The rainmaker,80
mdp.39015046788223,Grisham,The rainmaker,90
mdp.39015046788223,Grisham,The rainmaker,100
mdp.39015046788223,Grisham,The rainmaker,110
mdp.39015046788223,Grisham,The rainmaker,120
mdp.39015046788223,Grisham,The rainmaker,130
mdp.39015046788223,Grisham,The rainmaker,140
mdp.39015046788223,Grisham,The rainmaker,150
mdp.39015046788223,Grisham,The rainmaker,160
mdp.39015046788223,Grisham,The rainmaker,170
mdp.39015046788223,Grisham,The rainmaker,180
mdp.39015046788223,Grisham,The rainmaker,190
mdp.39015046788223,Grisham,The rainmaker,200
mdp.39015046788223,Grisham,The rainmaker,210
mdp.39015046788223,Grisham,The rainmaker,220
mdp.39015046788223,Grisham,The rainmaker,230
mdp.39015046788223,Grisham,The rainmaker,240
mdp.39015046788223,Grisham,The rainmaker,250
mdp.39015046788223,Grisham,The rainmaker,260
mdp.39015046788223,Grisham,The rainmaker,270
mdp.39015046788223,Grisham,The rainmaker,280
mdp.39015046788223,Grisham,The rainmaker,290
mdp.39015046788223,Grisham,The rainmaker,300
mdp.39015046788223,Grisham,The rainmaker,310
mdp.39015046788223,Grisham,The rainmaker,320
mdp.39015046788223,Grisham,The rainmaker,330
mdp.39015046788223,Grisham,The rainmaker,340
mdp.39015046788223,Grisham,The rainmaker,350
mdp.39015046788223,Grisham,The rainmaker,360
mdp.39015046788223,Grisham,The rainmaker,370
mdp.39015046788223,Grisham,The rainmaker,380
mdp.39015046788223,Grisham,The rainmaker,390
mdp.39015046788223,Grisham,The rainmaker,400
mdp.39015046788223,Grisham,The rainmaker,410
mdp.39015046788223,Grisham,The rainmaker,420
mdp.39015046788223,Grisham,The rainmaker,430
mdp.39015046788223,Grisham,The rainmaker,440
mdp.39015046788223,Grisham,The rainmaker,450
mdp.39015046835560,Grisham,The partner,0
mdp.39015046835560,Grisham,The partner,10
mdp.39015046835560,Grisham,The partner,20
mdp.39015046835560,Grisham,The partner,30
mdp.39015046835560,Grisham,The partner,40
mdp.39015046835560,Grisham,The partner,50
mdp.39015046835560,Grisham,The partner,60
mdp.39015046835560,Grisham,The partner,70
mdp.39015046835560,Grisham,The partner,80
mdp.39015046835560,Grisham,The partner,90
mdp.39015046835560,Grisham,The partner,100
mdp.39015046835560,Grisham,The partner,110
mdp.39015046835560,Grisham,The partner,120
mdp.39015046835560,Grisham,The partner,130
mdp.39015046835560,Grisham,The partner,140
mdp.39015046835560,Grisham,The partner,150
mdp.39015046835560,Grisham,The partner,160
mdp.39015046835560,Grisham,The partner,170
mdp.39015046835560,Grisham,The partner,180
mdp.39015046835560,Grisham,The partner,190
mdp.39015046835560,Grisham,The partner,200
mdp.39015046835560,Grisham,The partner,210
mdp.39015046835560,Grisham,The partner,220
mdp.39015046835560,Grisham,The partner,230
mdp.39015046835560,Grisham,The partner,240
mdp.39015046835560,Grisham,The partner,250
mdp.39015046835560,Grisham,The partner,260
mdp.39015046835560,Grisham,The partner,270
mdp.39015046835560,Grisham,The partner,280
mdp.39015046835560,Grisham,The partner,290
mdp.39015046835560,Grisham,The partner,300
mdp.39015046835560,Grisham,The partner,310
mdp.39015046835560,Grisham,The partner,320
mdp.39015046835560,Grisham,The partner,330
mdp.39015046835560,Grisham,The partner,340
mdp.39015046835560,Grisham,The partner,350
mdp.39015046835560,Grisham,The partner,360
mdp.39015046835560,Grisham,The partner,370
mdp.39015054084192,Grisham,The testament,0
mdp.39015054084192,Grisham,The testament,10
mdp.39015054084192,Grisham,The testament,20
mdp.39015054084192,Grisham,The testament,30
mdp.39015054084192,Grisham,The testament,40
mdp.39015054084192,Grisham,The testament,50
mdp.39015054084192,Grisham,The testament,60
mdp.39015054084192,Grisham,The testament,70
mdp.39015054084192,Grisham,The testament,80
mdp.39015054084192,Grisham,The testament,90
mdp.39015054084192,Grisham,The testament,100
mdp.39015054084192,Grisham,The testament,110
mdp.39015054084192,Grisham,The testament,120
mdp.39015054084192,Grisham,The testament,130
mdp.39015054084192,Grisham,The testament,140
mdp.39015054084192,Grisham,The testament,150
mdp.39015054084192,Grisham,The testament,160
mdp.39015054084192,Grisham,The testament,170
mdp.39015054084192,Grisham,The testament,180
mdp.39015054084192,Grisham,The testament,190
mdp.39015054084192,Grisham,The testament,200
mdp.39015054084192,Grisham,The testament,210
mdp.39015054084192,Grisham,The testament,220
mdp.39015054084192,Grisham,The testament,230
mdp.39015054084192,Grisham,The testament,240
mdp.39015054084192,Grisham,The testament,250
mdp.39015054084192,Grisham,The testament,260
mdp.39015054084192,Grisham,The testament,270
mdp.39015054084192,Grisham,The testament,280
mdp.39015054084192,Grisham,The testament,290
mdp.39015054084192,Grisham,The testament,300
mdp.39015054084192,Grisham,The testament,310
mdp.39015054084192,Grisham,The testament,320
mdp.39015054084192,Grisham,The testament,330
mdp.39015054084192,Grisham,The testament,340
mdp.39015054084192,Grisham,The testament,350
mdp.39015054084192,Grisham,The testament,360
mdp.39015054084192,Grisham,The testament,370
mdp.39015054084192,Grisham,The testament,380
mdp.39015054084192,Grisham,The testament,390
mdp.39015054084192,Grisham,The testament,400
mdp.39015054084192,Grisham,The testament,410
mdp.39015054084192,Grisham,The testament,420
mdp.39015054084192,Grisham,The testament,430
mdp.39015054084192,Grisham,The testament,440
mdp.39015054084192,Grisham,The testament,450
mdp.39015054263903,King,Everything's eventual : 14 dark tales,0
mdp.39015054263903,King,Everything's eventual : 14 dark tales,10
mdp.39015054263903,King,Everything's eventual : 14 dark tales,20
mdp.39015054263903,King,Everything's eventual : 14 dark tales,30
mdp.39015054263903,King,Everything's eventual : 14 dark tales,40
mdp.39015054263903,King,Everything's eventual : 14 dark tales,50
mdp.39015054263903,King,Everything's eventual : 14 dark tales,60
mdp.39015054263903,King,Everything's eventual : 14 dark tales,70
mdp.39015054263903,King,Everything's eventual : 14 dark tales,80
mdp.39015054263903,King,Everything's eventual : 14 dark tales,90
mdp.39015054263903,King,Everything's eventual : 14 dark tales,100
mdp.39015054263903,King,Everything's eventual : 14 dark tales,110
mdp.39015054263903,King,Everything's eventual : 14 dark tales,120
mdp.39015054263903,King,Everything's eventual : 14 dark tales,130
mdp.39015054263903,King,Everything's eventual : 14 dark tales,140
mdp.39015054263903,King,Everything's eventual : 14 dark tales,150
mdp.39015054263903,King,Everything's eventual : 14 dark tales,160
mdp.39015054263903,King,Everything's eventual : 14 dark tales,170
mdp.39015054263903,King,Everything's eventual : 14 dark tales,180
mdp.39015054263903,King,Everything's eventual : 14 dark tales,190
mdp.39015054263903,King,Everything's eventual : 14 dark tales,200
mdp.39015054263903,King,Everything's eventual : 14 dark tales,210
mdp.39015054263903,King,Everything's eventual : 14 dark tales,220
mdp.39015054263903,King,Everything's eventual : 14 dark tales,230
mdp.39015054263903,King,Everything's eventual : 14 dark tales,240
mdp.39015054263903,King,Everything's eventual : 14 dark tales,250
mdp.39015054263903,King,Everything's eventual : 14 dark tales,260
mdp.39015054263903,King,Everything's eventual : 14 dark tales,270
mdp.39015054263903,King,Everything's eventual : 14 dark tales,280
mdp.39015054263903,King,Everything's eventual : 14 dark tales,290
mdp.39015054263903,King,Everything's eventual : 14 dark tales,300
mdp.39015054263903,King,Everything's eventual : 14 dark tales,310
mdp.39015054263903,King,Everything's eventual : 14 dark tales,320
mdp.39015054263903,King,Everything's eventual : 14 dark tales,330
mdp.39015054263903,King,Everything's eventual : 14 dark tales,340
mdp.39015054263903,King,Everything's eventual : 14 dark tales,350
mdp.39015054263903,King,Everything's eventual : 14 dark tales,360
mdp.39015054263903,King,Everything's eventual : 14 dark tales,370
mdp.39015054263903,King,Everything's eventual : 14 dark tales,380
mdp.39015054263903,King,Everything's eventual : 14 dark tales,390
mdp.39015054263903,King,Everything's eventual : 14 dark tales,400
mdp.39015054263903,King,Everything's eventual : 14 dark tales,410
mdp.39015054263903,King,Everything's eventual : 14 dark tales,420
mdp.39015054263903,King,Everything's eventual : 14 dark tales,430
mdp.39015054263903,King,Everything's eventual : 14 dark tales,440
mdp.39015054263903,King,Everything's eventual : 14 dark tales,450
mdp.39015054263903,King,Everything's eventual : 14 dark tales,460
mdp.39015054263903,King,Everything's eventual : 14 dark tales,470
mdp.39015055831070,King,From a Buick 8 : a novel,0
mdp.39015055831070,King,From a Buick 8 : a novel,10
mdp.39015055831070,King,From a Buick 8 : a novel,20
mdp.39015055831070,King,From a Buick 8 : a novel,30
mdp.39015055831070,King,From a Buick 8 : a novel,40
mdp.39015055831070,King,From a Buick 8 : a novel,50
mdp.39015055831070,King,From a Buick 8 : a novel,60
mdp.39015055831070,King,From a Buick 8 : a novel,70
mdp.39015055831070,King,From a Buick 8 : a novel,80
mdp.39015055831070,King,From a Buick 8 : a novel,90
mdp.39015055831070,King,From a Buick 8 : a novel,100
mdp.39015055831070,King,From a Buick 8 : a novel,110
mdp.39015055831070,King,From a Buick 8 : a novel,120
mdp.39015055831070,King,From a Buick 8 : a novel,130
mdp.39015055831070,King,From a Buick 8 : a novel,140
mdp.39015055831070,King,From a Buick 8 : a novel,150
mdp.39015055831070,King,From a Buick 8 : a novel,160
mdp.39015055831070,King,From a Buick 8 : a novel,170
mdp.39015055831070,King,From a Buick 8 : a novel,180
mdp.39015055831070,King,From a Buick 8 : a novel,190
mdp.39015055831070,King,From a Buick 8 : a novel,200
mdp.39015055831070,King,From a Buick 8 : a novel,210
mdp.39015055831070,King,From a Buick 8 : a novel,220
mdp.39015055831070,King,From a Buick 8 : a novel,230
mdp.39015055831070,King,From a Buick 8 : a novel,240
mdp.39015055831070,King,From a Buick 8 : a novel,250
mdp.39015055831070,King,From a Buick 8 : a novel,260
mdp.39015055831070,King,From a Buick 8 : a novel,270
mdp.39015055831070,King,From a Buick 8 : a novel,280
mdp.39015055831070,King,From a Buick 8 : a novel,290
mdp.39015055831070,King,From a Buick 8 : a novel,300
mdp.39015055831070,King,From a Buick 8 : a novel,310
mdp.39015055831070,King,From a Buick 8 : a novel,320
mdp.39015055831070,King,From a Buick 8 : a novel,330
mdp.39015055831070,King,From a Buick 8 : a novel,340
mdp.39015055831070,King,From a Buick 8 : a novel,350
mdp.39015055831070,King,From a Buick 8 : a novel,360
mdp.39015055831070,King,From a Buick 8 : a novel,370
mdp.39015058207492,Grisham,The last juror,0
mdp.39015058207492,Grisham,The last juror,10
mdp.39015058207492,Grisham,The last juror,20
mdp.39015058207492,Grisham,The last juror,30
mdp.39015058207492,Grisham,The last juror,40
mdp.39015058207492,Grisham,The last juror,50
mdp.39015058207492,Grisham,The last juror,60
mdp.39015058207492,Grisham,The last juror,70
mdp.39015058207492,Grisham,The last juror,80
mdp.39015058207492,Grisham,The last juror,90
mdp.39015058207492,Grisham,The last juror,100
mdp.39015058207492,Grisham,The last juror,110
mdp.39015058207492,Grisham,The last juror,120
mdp.39015058207492,Grisham,The last juror,130
mdp.39015058207492,Grisham,The last juror,140
mdp.39015058207492,Grisham,The last juror,150
mdp.39015058207492,Grisham,The last juror,160
mdp.39015058207492,Grisham,The last juror,170
mdp.39015058207492,Grisham,The last juror,180
mdp.39015058207492,Grisham,The last juror,190
mdp.39015058207492,Grisham,The last juror,200
mdp.39015058207492,Grisham,The last juror,210
mdp.39015058207492,Grisham,The last juror,220
mdp.39015058207492,Grisham,The last juror,230
mdp.39015058207492,Grisham,The last juror,240
mdp.39015058207492,Grisham,The last juror,250
mdp.39015058207492,Grisham,The last juror,260
mdp.39015058207492,Grisham,The last juror,270
mdp.39015058207492,Grisham,The last juror,280
mdp.39015058207492,Grisham,The last juror,290
mdp.39015058207492,Grisham,The last juror,300
mdp.39015058207492,Grisham,The last juror,310
mdp.39015058207492,Grisham,The last juror,320
mdp.39015058207492,Grisham,The last juror,330
mdp.39015058207492,Grisham,The last juror,340
mdp.39015058207492,Grisham,The last juror,350
mdp.39015058207492,Grisham,The last juror,360
mdp.39015058207492,Grisham,The last juror,370
mdp.39015060663583,Atwood,The handmaid's tale,0
mdp.39015060663583,Atwood,The handmaid's tale,10
mdp.39015060663583,Atwood,The handmaid's tale,20
mdp.39015060663583,Atwood,The handmaid's tale,30
mdp.39015060663583,Atwood,The handmaid's tale,40
mdp.39015060663583,Atwood,The handmaid's tale,50
mdp.39015060663583,Atwood,The handmaid's tale,60
mdp.39015060663583,Atwood,The handmaid's tale,70
mdp.39015060663583,Atwood,The handmaid's tale,80
mdp.39015060663583,Atwood,The handmaid's tale,90
mdp.39015060663583,Atwood,The handmaid's tale,100
mdp.39015060663583,Atwood,The handmaid's tale,110
mdp.39015060663583,Atwood,The handmaid's tale,120
mdp.39015060663583,Atwood,The handmaid's tale,130
mdp.39015060663583,Atwood,The handmaid's tale,140
mdp.39015060663583,Atwood,The handmaid's tale,150
mdp.39015060663583,Atwood,The handmaid's tale,160
mdp.39015060663583,Atwood,The handmaid's tale,170
mdp.39015060663583,Atwood,The handmaid's tale,180
mdp.39015060663583,Atwood,The handmaid's tale,190
mdp.39015060663583,Atwood,The handmaid's tale,200
mdp.39015060663583,Atwood,The handmaid's tale,210
mdp.39015060663583,Atwood,The handmaid's tale,220
mdp.39015060663583,Atwood,The handmaid's tale,230
mdp.39015060663583,Atwood,The handmaid's tale,240
mdp.39015060663583,Atwood,The handmaid's tale,250
mdp.39015060663583,Atwood,The handmaid's tale,260
mdp.39015060663583,Atwood,The handmaid's tale,270
mdp.39015060663583,Atwood,The handmaid's tale,280
mdp.39015060663583,Atwood,The handmaid's tale,290
mdp.39015060663583,Atwood,The handmaid's tale,300
mdp.39015060663583,Atwood,The handmaid's tale,310
mdp.39015060663583,Atwood,The handmaid's tale,320
mdp.39015062842383,Atwood,The Penelopiad,0
mdp.39015062842383,Atwood,The Penelopiad,10
mdp.39015062842383,Atwood,The Penelopiad,20
mdp.39015062842383,Atwood,The Penelopiad,30
mdp.39015062842383,Atwood,The Penelopiad,40
mdp.39015062842383,Atwood,The Penelopiad,50
mdp.39015062842383,Atwood,The Penelopiad,60
mdp.39015062842383,Atwood,The Penelopiad,70
mdp.39015062842383,Atwood,The Penelopiad,80
mdp.39015062842383,Atwood,The Penelopiad,90
mdp.39015062842383,Atwood,The Penelopiad,100
mdp.39015062842383,Atwood,The Penelopiad,110
mdp.39015062842383,Atwood,The Penelopiad,120
mdp.39015062842383,Atwood,The Penelopiad,130
mdp.39015062842383,Atwood,The Penelopiad,140
mdp.39015062842383,Atwood,The Penelopiad,150
mdp.39015062842383,Atwood,The Penelopiad,160
mdp.39015062842383,Atwood,The Penelopiad,170
mdp.39015062842383,Atwood,The Penelopiad,180
mdp.39015062842383,Atwood,The Penelopiad,190
mdp.39015062842383,Atwood,The Penelopiad,200
mdp.39015062842383,Atwood,The Penelopiad,210
mdp.39015063682309,King,Cell : a novel,0
mdp.39015063682309,King,Cell : a novel,10
mdp.39015063682309,King,Cell : a novel,20
mdp.39015063682309,King,Cell : a novel,30
mdp.39015063682309,King,Cell : a novel,40
mdp.39015063682309,King,Cell : a novel,50
mdp.39015063682309,King,Cell : a novel,60
mdp.39015063682309,King,Cell : a novel,70
mdp.39015063682309,King,Cell : a novel,80
mdp.39015063682309,King,Cell : a novel,90
mdp.39015063682309,King,Cell : a novel,100
mdp.39015063682309,King,Cell : a novel,110
mdp.39015063682309,King,Cell : a novel,120
mdp.39015063682309,King,Cell : a novel,130
mdp.39015063682309,King,Cell : a novel,140
mdp.39015063682309,King,Cell : a novel,150
mdp.39015063682309,King,Cell : a novel,160
mdp.39015063682309,King,Cell : a novel,170
mdp.39015063682309,King,Cell : a novel,180
mdp.39015063682309,King,Cell : a novel,190
mdp.39015063682309,King,Cell : a novel,200
mdp.39015063682309,King,Cell : a novel,210
mdp.39015063682309,King,Cell : a novel,220
mdp.39015063682309,King,Cell : a novel,230
mdp.39015063682309,King,Cell : a novel,240
mdp.39015063682309,King,Cell : a novel,250
mdp.39015063682309,King,Cell : a novel,260
mdp.39015063682309,King,Cell : a novel,270
mdp.39015063682309,King,Cell : a novel,280
mdp.39015063682309,King,Cell : a novel,290
mdp.39015063682309,King,Cell : a novel,300
mdp.39015063682309,King,Cell : a novel,310
mdp.39015063682309,King,Cell : a novel,320
mdp.39015063682309,King,Cell : a novel,330
mdp.39015063682309,King,Cell : a novel,340
mdp.39015063682309,King,Cell : a novel,350
mdp.39015063682309,King,Cell : a novel,360
mdp.39015063682309,King,Cell : a novel,370
mdp.39015063682309,King,Cell : a novel,380
mdp.39015063682309,King,Cell : a novel,390
mdp.39015066084040,Grisham,The summons,0
mdp.39015066084040,Grisham,The summons,10
mdp.39015066084040,Grisham,The summons,20
mdp.39015066084040,Grisham,The summons,30
mdp.39015066084040,Grisham,The summons,40
mdp.39015066084040,Grisham,The summons,50
mdp.39015066084040,Grisham,The summons,60
mdp.39015066084040,Grisham,The summons,70
mdp.39015066084040,Grisham,The summons,80
mdp.39015066084040,Grisham,The summons,90
mdp.39015066084040,Grisham,The summons,100
mdp.39015066084040,Grisham,The summons,110
mdp.39015066084040,Grisham,The summons,120
mdp.39015066084040,Grisham,The summons,130
mdp.39015066084040,Grisham,The summons,140
mdp.39015066084040,Grisham,The summons,150
mdp.39015066084040,Grisham,The summons,160
mdp.39015066084040,Grisham,The summons,170
mdp.39015066084040,Grisham,The summons,180
mdp.39015066084040,Grisham,The summons,190
mdp.39015066084040,Grisham,The summons,200
mdp.39015066084040,Grisham,The summons,210
mdp.39015066084040,Grisham,The summons,220
mdp.39015066084040,Grisham,The summons,230
mdp.39015066084040,Grisham,The summons,240
mdp.39015066084040,Grisham,The summons,250
mdp.39015066084040,Grisham,The summons,260
mdp.39015066084040,Grisham,The summons,270
mdp.39015066084040,Grisham,The summons,280
mdp.39015066084040,Grisham,The summons,290
mdp.39015066084040,Grisham,The summons,300
mdp.39015066084040,Grisham,The summons,310
mdp.39015066084040,Grisham,The summons,320
mdp.39015066084040,Grisham,The summons,330
mdp.39015066084040,Grisham,The summons,340
mdp.39015066084040,Grisham,The summons,350
mdp.39015070756609,Grisham,Playing for pizza,0
mdp.39015070756609,Grisham,Playing for pizza,10
mdp.39015070756609,Grisham,Playing for pizza,20
mdp.39015070756609,Grisham,Playing for pizza,30
mdp.39015070756609,Grisham,Playing for pizza,40
mdp.39015070756609,Grisham,Playing for pizza,50
mdp.39015070756609,Grisham,Playing for pizza,60
mdp.39015070756609,Grisham,Playing for pizza,70
mdp.39015070756609,Grisham,Playing for pizza,80
mdp.39015070756609,Grisham,Playing for pizza,90
mdp.39015070756609,Grisham,Playing for pizza,100
mdp.39015070756609,Grisham,Playing for pizza,110
mdp.39015070756609,Grisham,Playing for pizza,120
mdp.39015070756609,Grisham,Playing for pizza,130
mdp.39015070756609,Grisham,Playing for pizza,140
mdp.39015070756609,Grisham,Playing for pizza,150
mdp.39015070756609,Grisham,Playing for pizza,160
mdp.39015070756609,Grisham,Playing for pizza,170
mdp.39015070756609,Grisham,Playing for pizza,180
mdp.39015070756609,Grisham,Playing for pizza,190
mdp.39015070756609,Grisham,Playing for pizza,200
mdp.39015070756609,Grisham,Playing for pizza,210
mdp.39015070756609,Grisham,Playing for pizza,220
mdp.39015070756609,Grisham,Playing for pizza,230
mdp.39015070756609,Grisham,Playing for pizza,240
mdp.39015070756609,Grisham,Playing for pizza,250
mdp.39015070756609,Grisham,Playing for pizza,260
mdp.39015070756609,Grisham,Playing for pizza,270
mdp.39015073669205,King,Duma Key,0
mdp.39015073669205,King,Duma Key,10
mdp.39015073669205,King,Duma Key,20
mdp.39015073669205,King,Duma Key,30
mdp.39015073669205,King,Duma Key,40
mdp.39015073669205,King,Duma Key,50
mdp.39015073669205,King,Duma Key,60
mdp.39015073669205,King,Duma Key,70
mdp.39015073669205,King,Duma Key,80
mdp.39015073669205,King,Duma Key,90
mdp.39015073669205,King,Duma Key,100
mdp.39015073669205,King,Duma Key,110
mdp.39015073669205,King,Duma Key,120
mdp.39015073669205,King,Duma Key,130
mdp.39015073669205,King,Duma Key,140
mdp.39015073669205,King,Duma Key,150
mdp.39015073669205,King,Duma Key,160
mdp.39015073669205,King,Duma Key,170
mdp.39015073669205,King,Duma Key,180
mdp.39015073669205,King,Duma Key,190
mdp.39015073669205,King,Duma Key,200
mdp.39015073669205,King,Duma Key,210
mdp.39015073669205,King,Duma Key,220
mdp.39015073669205,King,Duma Key,230
mdp.39015073669205,King,Duma Key,240
mdp.39015073669205,King,Duma Key,250
mdp.39015073669205,King,Duma Key,260
mdp.39015073669205,King,Duma Key,270
mdp.39015073669205,King,Duma Key,280
mdp.39015073669205,King,Duma Key,290
mdp.39015073669205,King,Duma Key,300
mdp.39015073669205,King,Duma Key,310
mdp.39015073669205,King,Duma Key,320
mdp.39015073669205,King,Duma Key,330
mdp.39015073669205,King,Duma Key,340
mdp.39015073669205,King,Duma Key,350
mdp.39015073669205,King,Duma Key,360
mdp.39015073669205,King,Duma Key,370
mdp.39015073669205,King,Duma Key,380
mdp.39015073669205,King,Duma Key,390
mdp.39015073669205,King,Duma Key,400
mdp.39015073669205,King,Duma Key,410
mdp.39015073669205,King,Duma Key,420
mdp.39015073669205,King,Duma Key,430
mdp.39015073669205,King,Duma Key,440
mdp.39015073669205,King,Duma Key,450
mdp.39015073669205,King,Duma Key,460
mdp.39015073669205,King,Duma Key,470
mdp.39015073669205,King,Duma Key,480
mdp.39015073669205,King,Duma Key,490
mdp.39015073669205,King,Duma Key,500
mdp.39015073669205,King,Duma Key,510
mdp.39015073669205,King,Duma Key,520
mdp.39015073669205,King,Duma Key,530
mdp.39015073669205,King,Duma Key,540
mdp.39015073669205,King,Duma Key,550
mdp.39015073669205,King,Duma Key,560
mdp.39015073669205,King,Duma Key,570
mdp.39015073669205,King,Duma Key,580
mdp.39015073669205,King,Duma Key,590
mdp.39015073669205,King,Duma Key,600
mdp.39015073669205,King,Duma Key,610
mdp.39015073669205,King,Duma Key,620
mdp.39015073669205,King,Duma Key,630
mdp.39015073669312,Grisham,The appeal,0
mdp.39015073669312,Grisham,The appeal,10
mdp.39015073669312,Grisham,The appeal,20
mdp.39015073669312,Grisham,The appeal,30
mdp.39015073669312,Grisham,The appeal,40
mdp.39015073669312,Grisham,The appeal,50
mdp.39015073669312,Grisham,The appeal,60
mdp.39015073669312,Grisham,The appeal,70
mdp.39015073669312,Grisham,The appeal,80
mdp.39015073669312,Grisham,The appeal,90
mdp.39015073669312,Grisham,The appeal,100
mdp.39015073669312,Grisham,The appeal,110
mdp.39015073669312,Grisham,The appeal,120
mdp.39015073669312,Grisham,The appeal,130
mdp.39015073669312,Grisham,The appeal,140
mdp.39015073669312,Grisham,The appeal,150
mdp.39015073669312,Grisham,The appeal,160
mdp.39015073669312,Grisham,The appeal,170
mdp.39015073669312,Grisham,The appeal,180
mdp.39015073669312,Grisham,The appeal,190
mdp.39015073669312,Grisham,The appeal,200
mdp.39015073669312,Grisham,The appeal,210
mdp.39015073669312,Grisham,The appeal,220
mdp.39015073669312,Grisham,The appeal,230
mdp.39015073669312,Grisham,The appeal,240
mdp.39015073669312,Grisham,The appeal,250
mdp.39015073669312,Grisham,The appeal,260
mdp.39015073669312,Grisham,The appeal,270
mdp.39015073669312,Grisham,The appeal,280
mdp.39015073669312,Grisham,The appeal,290
mdp.39015073669312,Grisham,The appeal,300
mdp.39015073669312,Grisham,The appeal,310
mdp.39015073669312,Grisham,The appeal,320
mdp.39015073669312,Grisham,The appeal,330
mdp.39015073669312,Grisham,The appeal,340
mdp.39015073669312,Grisham,The appeal,350
mdp.39015073669312,Grisham,The appeal,360
mdp.39015073669312,Grisham,The appeal,370
pst.000023498051,King,Carrie,0
pst.000023498051,King,Carrie,10
pst.000023498051,King,Carrie,20
pst.000023498051,King,Carrie,30
pst.000023498051,King,Carrie,40
pst.000023498051,King,Carrie,50
pst.000023498051,King,Carrie,60
pst.000023498051,King,Carrie,70
pst.000023498051,King,Carrie,80
pst.000023498051,King,Carrie,90
pst.000023498051,King,Carrie,100
pst.000023498051,King,Carrie,110
pst.000023498051,King,Carrie,120
pst.000023498051,King,Carrie,130
pst.000023498051,King,Carrie,140
pst.000023498051,King,Carrie,150
pst.000023498051,King,Carrie,160
pst.000023498051,King,Carrie,170
pst.000023498051,King,Carrie,180
pst.000023498051,King,Carrie,190
pst.000023498051,King,Carrie,200
pst.000023498051,King,Carrie,210
pst.000023498051,King,Carrie,220
pst.000023498051,King,Carrie,230
pst.000023498051,King,Carrie,240
pst.000023498051,King,Carrie,250
pst.000023498051,King,Carrie,260
pst.000026748658,Atwood,Bodily harm,0
pst.000026748658,Atwood,Bodily harm,10
pst.000026748658,Atwood,Bodily harm,20
pst.000026748658,Atwood,Bodily harm,30
pst.000026748658,Atwood,Bodily harm,40
pst.000026748658,Atwood,Bodily harm,50
pst.000026748658,Atwood,Bodily harm,60
pst.000026748658,Atwood,Bodily harm,70
pst.000026748658,Atwood,Bodily harm,80
pst.000026748658,Atwood,Bodily harm,90
pst.000026748658,Atwood,Bodily harm,100
pst.000026748658,Atwood,Bodily harm,110
pst.000026748658,Atwood,Bodily harm,120
pst.000026748658,Atwood,Bodily harm,130
pst.000026748658,Atwood,Bodily harm,140
pst.000026748658,Atwood,Bodily harm,150
pst.000026748658,Atwood,Bodily harm,160
pst.000026748658,Atwood,Bodily harm,170
pst.000026748658,Atwood,Bodily harm,180
pst.000026748658,Atwood,Bodily harm,190
pst.000026748658,Atwood,Bodily harm,200
pst.000026748658,Atwood,Bodily harm,210
pst.000026748658,Atwood,Bodily harm,220
pst.000026748658,Atwood,Bodily harm,230
pst.000026748658,Atwood,Bodily harm,240
pst.000026748658,Atwood,Bodily harm,250
pst.000026748658,Atwood,Bodily harm,260
pst.000026748658,Atwood,Bodily harm,270
pst.000026748658,Atwood,Bodily harm,280
pst.000026748658,Atwood,Bodily harm,290
pst.000026748658,Atwood,Bodily harm,300
pst.000026748658,Atwood,Bodily harm,310
pst.000026751405,Atwood,Cat's eye,0
pst.000026751405,Atwood,Cat's eye,10
pst.000026751405,Atwood,Cat's eye,20
pst.000026751405,Atwood,Cat's eye,30
pst.000026751405,Atwood,Cat's eye,40
pst.000026751405,Atwood,Cat's eye,50
pst.000026751405,Atwood,Cat's eye,60
pst.000026751405,Atwood,Cat's eye,70
pst.000026751405,Atwood,Cat's eye,80
pst.000026751405,Atwood,Cat's eye,90
pst.000026751405,Atwood,Cat's eye,100
pst.000026751405,Atwood,Cat's eye,110
pst.000026751405,Atwood,Cat's eye,120
pst.000026751405,Atwood,Cat's eye,130
pst.000026751405,Atwood,Cat's eye,140
pst.000026751405,Atwood,Cat's eye,150
pst.000026751405,Atwood,Cat's eye,160
pst.000026751405,Atwood,Cat's eye,170
pst.000026751405,Atwood,Cat's eye,180
pst.000026751405,Atwood,Cat's eye,190
pst.000026751405,Atwood,Cat's eye,200
pst.000026751405,Atwood,Cat's eye,210
pst.000026751405,Atwood,Cat's eye,220
pst.000026751405,Atwood,Cat's eye,230
pst.000026751405,Atwood,Cat's eye,240
pst.000026751405,Atwood,Cat's eye,250
pst.000026751405,Atwood,Cat's eye,260
pst.000026751405,Atwood,Cat's eye,270
pst.000026751405,Atwood,Cat's eye,280
pst.000026751405,Atwood,Cat's eye,290
pst.000026751405,Atwood,Cat's eye,300
pst.000026751405,Atwood,Cat's eye,310
pst.000026751405,Atwood,Cat's eye,320
pst.000026751405,Atwood,Cat's eye,330
pst.000026751405,Atwood,Cat's eye,340
pst.000026751405,Atwood,Cat's eye,350
pst.000026751405,Atwood,Cat's eye,360
pst.000026751405,Atwood,Cat's eye,370
pst.000026751405,Atwood,Cat's eye,380
pst.000026751405,Atwood,Cat's eye,390
pst.000026751405,Atwood,Cat's eye,400
pst.000026751405,Atwood,Cat's eye,410
pst.000026751405,Atwood,Cat's eye,420
pst.000026751405,Atwood,Cat's eye,430
pst.000026751405,Atwood,Cat's eye,440
pst.000026751405,Atwood,Cat's eye,450
pst.000026751405,Atwood,Cat's eye,460
pst.000026751405,Atwood,Cat's eye,470
pst.000026751405,Atwood,Cat's eye,480
pst.000026751405,Atwood,Cat's eye,490
pst.000044406462,Atwood,Life before man,0
pst.000044406462,Atwood,Life before man,10
pst.000044406462,Atwood,Life before man,20
pst.000044406462,Atwood,Life before man,30
pst.000044406462,Atwood,Life before man,40
pst.000044406462,Atwood,Life before man,50
pst.000044406462,Atwood,Life before man,60
pst.000044406462,Atwood,Life before man,70
pst.000044406462,Atwood,Life before man,80
pst.000044406462,Atwood,Life before man,90
pst.000044406462,Atwood,Life before man,100
pst.000044406462,Atwood,Life before man,110
pst.000044406462,Atwood,Life before man,120
pst.000044406462,Atwood,Life before man,130
pst.000044406462,Atwood,Life before man,140
pst.000044406462,Atwood,Life before man,150
pst.000044406462,Atwood,Life before man,160
pst.000044406462,Atwood,Life before man,170
pst.000044406462,Atwood,Life before man,180
pst.000044406462,Atwood,Life before man,190
pst.000044406462,Atwood,Life before man,200
pst.000044406462,Atwood,Life before man,210
pst.000044406462,Atwood,Life before man,220
pst.000044406462,Atwood,Life before man,230
pst.000044406462,Atwood,Life before man,240
pst.000044406462,Atwood,Life before man,250
pst.000044406462,Atwood,Life before man,260
pst.000044406462,Atwood,Life before man,270
pst.000044406462,Atwood,Life before man,280
pst.000044406462,Atwood,Life before man,290
pst.000044406462,Atwood,Life before man,300
pst.000044406462,Atwood,Life before man,310
pst.000044406462,Atwood,Life before man,320
pst.000044406462,Atwood,Life before man,330
pst.000044406462,Atwood,Life before man,340
pst.000044406462,Atwood,Life before man,350
pst.000044406462,Atwood,Life before man,360
pst.000044406462,Atwood,Life before man,370
pst.000044406462,Atwood,Life before man,380
pst.000044406462,Atwood,Life before man,390
pst.000050069378,Grisham,The king of torts (large print),0
pst.000050069378,Grisham,The king of torts (large print),10
pst.000050069378,Grisham,The king of torts (large print),20
pst.000050069378,Grisham,The king of torts (large print),30
pst.000050069378,Grisham,The king of torts (large print),40
pst.000050069378,Grisham,The king of torts (large print),50
pst.000050069378,Grisham,The king of torts (large print),60
pst.000050069378,Grisham,The king of torts (large print),70
pst.000050069378,Grisham,The king of torts (large print),80
pst.000050069378,Grisham,The king of torts (large print),90
pst.000050069378,Grisham,The king of torts (large print),100
pst.000050069378,Grisham,The king of torts (large print),110
pst.000050069378,Grisham,The king of torts (large print),120
pst.000050069378,Grisham,The king of torts (large print),130
pst.000050069378,Grisham,The king of torts (large print),140
pst.000050069378,Grisham,The king of torts (large print),150
pst.000050069378,Grisham,The king of torts (large print),160
pst.000050069378,Grisham,The king of torts (large print),170
pst.000050069378,Grisham,The king of torts (large print),180
pst.000050069378,Grisham,The king of torts (large print),190
pst.000050069378,Grisham,The king of torts (large print),200
pst.000050069378,Grisham,The king of torts (large print),210
pst.000050069378,Grisham,The king of torts (large print),220
pst.000050069378,Grisham,The king of torts (large print),230
pst.000050069378,Grisham,The king of torts (large print),240
pst.000050069378,Grisham,The king of torts (large print),250
pst.000050069378,Grisham,The king of torts (large print),260
pst.000050069378,Grisham,The king of torts (large print),270
pst.000050069378,Grisham,The king of torts (large print),280
pst.000050069378,Grisham,The king of torts (large print),290
pst.000050069378,Grisham,The king of torts (large print),300
pst.000050069378,Grisham,The king of torts (large print),310
pst.000050069378,Grisham,The king of torts (large print),320
pst.000050069378,Grisham,The king of torts (large print),330
pst.000050069378,Grisham,The king of torts (large print),340
pst.000050069378,Grisham,The king of torts (large print),350
pst.000050069378,Grisham,The king of torts (large print),360
pst.000050069378,Grisham,The king of torts (large print),370
pst.000050069378,Grisham,The king of torts (large print),380
pst.000050069378,Grisham,The king of torts (large print),390
pst.000050069378,Grisham,The king of torts (large print),400
pst.000050069378,Grisham,The king of torts (large print),410
pst.000050069378,Grisham,The king of torts (large print),420
pst.000050069378,Grisham,The king of torts (large print),430
pst.000050069378,Grisham,The king of torts (large print),440
pst.000050069378,Grisham,The king of torts (large print),450
pst.000050069378,Grisham,The king of torts (large print),460
pst.000050069378,Grisham,The king of torts (large print),470
pst.000050069378,Grisham,The king of torts (large print),480
pst.000050069378,Grisham,The king of torts (large print),490
pst.000050069378,Grisham,The king of torts (large print),500
pst.000050069378,Grisham,The king of torts (large print),510
pst.000050069378,Grisham,The king of torts (large print),520
pst.000050069378,Grisham,The king of torts (large print),530
pst.000050069378,Grisham,The king of torts (large print),540
pst.000050069378,Grisham,The king of torts (large print),550
pst.000050069378,Grisham,The king of torts (large print),560
pst.000050069378,Grisham,The king of torts (large print),570
pst.000050069378,Grisham,The king of torts (large print),580
pst.000050069378,Grisham,The king of torts (large print),590
uc1.32106011612402,King,The dark half,0
uc1.32106011612402,King,The dark half,10
uc1.32106011612402,King,The dark half,20
uc1.32106011612402,King,The dark half,30
uc1.32106011612402,King,The dark half,40
uc1.32106011612402,King,The dark half,50
uc1.32106011612402,King,The dark half,60
uc1.32106011612402,King,The dark half,70
uc1.32106011612402,King,The dark half,80
uc1.32106011612402,King,The dark half,90
uc1.32106011612402,King,The dark half,100
uc1.32106011612402,King,The dark half,110
uc1.32106011612402,King,The dark half,120
uc1.32106011612402,King,The dark half,130
uc1.32106011612402,King,The dark half,140
uc1.32106011612402,King,The dark half,150
uc1.32106011612402,King,The dark half,160
uc1.32106011612402,King,The dark half,170
uc1.32106011612402,King,The dark half,180
uc1.32106011612402,King,The dark half,190
uc1.32106011612402,King,The dark half,200
uc1.32106011612402,King,The dark half,210
uc1.32106011612402,King,The dark half,220
uc1.32106011612402,King,The dark half,230
uc1.32106011612402,King,The dark half,240
uc1.32106011612402,King,The dark half,250
uc1.32106011612402,King,The dark half,260
uc1.32106011612402,King,The dark half,270
uc1.32106011612402,King,The dark half,280
uc1.32106011612402,King,The dark half,290
uc1.32106011612402,King,The dark half,300
uc1.32106011612402,King,The dark half,310
uc1.32106011612402,King,The dark half,320
uc1.32106011612402,King,The dark half,330
uc1.32106011612402,King,The dark half,340
uc1.32106011612402,King,The dark half,350
uc1.32106011612402,King,The dark half,360
uc1.32106011612402,King,The dark half,370
uc1.32106011612402,King,The dark half,380
uc1.32106011612402,King,The dark half,390
uc1.32106011612402,King,The dark half,400
uc1.32106011612402,King,The dark half,410
uc1.32106011612402,King,The dark half,420
uc1.32106011612402,King,The dark half,430
uc1.32106011612402,King,The dark half,440
uc1.32106011612402,King,The dark half,450
uc1.32106012198112,King,Stephen King's Danse macabre,0
uc1.32106012198112,King,Stephen King's Danse macabre,10
uc1.32106012198112,King,Stephen King's Danse macabre,20
uc1.32106012198112,King,Stephen King's Danse macabre,30
uc1.32106012198112,King,Stephen King's Danse macabre,40
uc1.32106012198112,King,Stephen King's Danse macabre,50
uc1.32106012198112,King,Stephen King's Danse macabre,60
uc1.32106012198112,King,Stephen King's Danse macabre,70
uc1.32106012198112,King,Stephen King's Danse macabre,80
uc1.32106012198112,King,Stephen King's Danse macabre,90
uc1.32106012198112,King,Stephen King's Danse macabre,100
uc1.32106012198112,King,Stephen King's Danse macabre,110
uc1.32106012198112,King,Stephen King's Danse macabre,120
uc1.32106012198112,King,Stephen King's Danse macabre,130
uc1.32106012198112,King,Stephen King's Danse macabre,140
uc1.32106012198112,King,Stephen King's Danse macabre,150
uc1.32106012198112,King,Stephen King's Danse macabre,160
uc1.32106012198112,King,Stephen King's Danse macabre,170
uc1.32106012198112,King,Stephen King's Danse macabre,180
uc1.32106012198112,King,Stephen King's Danse macabre,190
uc1.32106012198112,King,Stephen King's Danse macabre,200
uc1.32106012198112,King,Stephen King's Danse macabre,210
uc1.32106012198112,King,Stephen King's Danse macabre,220
uc1.32106012198112,King,Stephen King's Danse macabre,230
uc1.32106012198112,King,Stephen King's Danse macabre,240
uc1.32106012198112,King,Stephen King's Danse macabre,250
uc1.32106012198112,King,Stephen King's Danse macabre,260
uc1.32106012198112,King,Stephen King's Danse macabre,270
uc1.32106012198112,King,Stephen King's Danse macabre,280
uc1.32106012198112,King,Stephen King's Danse macabre,290
uc1.32106012198112,King,Stephen King's Danse macabre,300
uc1.32106012198112,King,Stephen King's Danse macabre,310
uc1.32106012198112,King,Stephen King's Danse macabre,320
uc1.32106012198112,King,Stephen King's Danse macabre,330
uc1.32106012198112,King,Stephen King's Danse macabre,340
uc1.32106012198112,King,Stephen King's Danse macabre,350
uc1.32106012198112,King,Stephen King's Danse macabre,360
uc1.32106012198112,King,Stephen King's Danse macabre,370
uc1.32106012198112,King,Stephen King's Danse macabre,380
uc1.32106012198112,King,Stephen King's Danse macabre,390
uc1.32106012198112,King,Stephen King's Danse macabre,400
uc1.32106017944551,King,Cujo,10
uc1.32106017944551,King,Cujo,20
uc1.32106017944551,King,Cujo,30
uc1.32106017944551,King,Cujo,40
uc1.32106017944551,King,Cujo,50
uc1.32106017944551,King,Cujo,60
uc1.32106017944551,King,Cujo,70
uc1.32106017944551,King,Cujo,80
uc1.32106017944551,King,Cujo,90
uc1.32106017944551,King,Cujo,100
uc1.32106017944551,King,Cujo,110
uc1.32106017944551,King,Cujo,120
uc1.32106017944551,King,Cujo,130
uc1.32106017944551,King,Cujo,140
uc1.32106017944551,King,Cujo,150
uc1.32106017944551,King,Cujo,160
uc1.32106017944551,King,Cujo,170
uc1.32106017944551,King,Cujo,180
uc1.32106017944551,King,Cujo,190
uc1.32106017944551,King,Cujo,200
uc1.32106017944551,King,Cujo,210
uc1.32106017944551,King,Cujo,220
uc1.32106017944551,King,Cujo,230
uc1.32106017944551,King,Cujo,240
uc1.32106017944551,King,Cujo,250
uc1.32106017944551,King,Cujo,260
uc1.32106017944551,King,Cujo,270
uc1.32106017944551,King,Cujo,280
uc1.32106017944551,King,Cujo,290
uc1.32106017944551,King,Cujo,300
uc1.32106017944551,King,Cujo,310
uc1.32106017944551,King,Cujo,320
uc1.32106017944551,King,Cujo,330
uc1.32106017944551,King,Cujo,340
